FirstName,LastName,Email,Address
Hilda,Hatfield,tempor.erat@egetmetus.com,"P.O. Box 440, 8456 Eget St."
Jasmine,Madden,Nunc.mauris@loremluctus.org,Ap #286-3252 Augue Av.
Brody,Wheeler,et@posuerevulputate.com,791-2347 Tellus. Street
Omar,Warner,blandit@inconsequatenim.com,202-8930 Tempor Avenue
Aspen,Lester,at@Namporttitorscelerisque.edu,"P.O. Box 974, 4229 Tempor, Rd."
Benedict,Hernandez,diam@nonummyultricies.ca,579 Praesent Avenue
Yoshi,Wilcox,vel.arcu.eu@placerat.org,6519 Ut Street
Evangeline,Herring,pharetra.Quisque@duisemperet.edu,5758 Ipsum. Avenue
Marcia,Mendez,euismod.mauris@eusemPellentesque.com,"P.O. Box 163, 1004 Per Road"
Kelsey,Hull,sit@venenatisvelfaucibus.org,"P.O. Box 585, 2458 Convallis St."
Nicholas,Gutierrez,Fusce.mi@Nullamvelit.org,Ap #278-5944 Gravida. St.
Alika,Prince,dolor.sit.amet@parturientmontes.com,"P.O. Box 421, 7385 Sapien. Avenue"
Boris,Parker,Integer.aliquam.adipiscing@sit.edu,205-7855 Consectetuer St.
Olivia,Dixon,pellentesque.tellus.sem@nonummyultriciesornare.com,3866 At Street
Allegra,Callahan,tempor@id.net,Ap #990-6482 Lorem Rd.
Marcia,Bartlett,vel@dui.co.uk,"P.O. Box 122, 1935 Nunc St."
Alika,Webb,eu@aliquetPhasellus.org,690-312 Faucibus St.
Kenyon,Talley,dolor.tempus.non@senectus.co.uk,Ap #739-3223 Neque. Street
Leslie,Hubbard,erat@nuncrisusvarius.ca,3038 Duis Rd.
Graham,Mooney,neque@idante.net,"P.O. Box 435, 2106 Sem Av."
Camden,Floyd,pede.ac.urna@parturientmontes.net,"216 At, Ave"
Celeste,Mcbride,dui.augue.eu@quis.net,"P.O. Box 938, 6437 Diam. Street"
Plato,Simon,Fusce.aliquet@Curabiturconsequatlectus.org,Ap #325-3596 Aenean Ave
Maya,Brock,non@Nullaeget.edu,Ap #700-4107 Proin Ave
Maya,Gray,magna@lacusMauris.org,"P.O. Box 576, 2461 Tortor. Av."
Demetrius,Monroe,lobortis.nisi@acturpisegestas.net,Ap #609-2546 Eros Rd.
Germane,Dunlap,augue.malesuada.malesuada@iaculisneceleifend.com,Ap #223-4194 Vestibulum St.
Rebekah,Nash,mattis.velit.justo@utsemNulla.com,"P.O. Box 235, 4612 Mi St."
Price,Holman,est.tempor.bibendum@ut.org,"P.O. Box 277, 2254 Ligula Road"
Mechelle,Rutledge,Mauris@dolor.net,377 Ultricies St.
Rhona,James,consequat.auctor.nunc@fringillaestMauris.net,"9719 Augue, Rd."
Ila,Butler,Donec@pedeet.edu,Ap #359-6667 Diam St.
Angelica,Howell,at.sem@elit.ca,Ap #183-7072 Cras St.
Audra,Navarro,varius.et@lacus.org,944-5617 Accumsan Rd.
Zane,Mullen,Aliquam.gravida@ipsumprimis.net,"Ap #518-1326 Aliquam, Av."
Erica,Graves,fringilla.ornare.placerat@ProinmiAliquam.com,Ap #124-2798 Magna. St.
Constance,Lindsay,aliquet@quisaccumsanconvallis.edu,"P.O. Box 158, 5039 Nisi Road"
Leila,Mcconnell,est@velturpisAliquam.ca,927-6887 At Rd.
Alma,Lewis,netus@eutelluseu.ca,"8062 Pede, St."
Rae,Allison,penatibus.et.magnis@mollisdui.co.uk,"P.O. Box 246, 3860 Luctus St."
Karyn,Austin,Phasellus@antedictum.co.uk,"P.O. Box 497, 8429 Montes, Rd."
Kennan,Parsons,eu.dolor.egestas@et.net,407 Mauris. St.
Serena,Bray,orci@vehicula.co.uk,3248 Mattis. St.
Kyle,Gilbert,elit.Curabitur.sed@aliquameuaccumsan.ca,Ap #185-3559 Mi St.
Tamekah,Mclean,massa.Integer@et.edu,2353 Eget Rd.
Myles,Ware,faucibus.ut.nulla@sed.net,Ap #709-2570 Velit Avenue
Lesley,Bass,ut.pharetra.sed@eget.com,Ap #447-5813 Facilisis Ave
Michael,Everett,Sed.eu.eros@malesuadafringillaest.edu,"P.O. Box 822, 8293 Fringilla St."
Garrett,Sparks,dignissim@enimmitempor.org,688-5871 Cras Ave
Herman,James,magnis.dis@IncondimentumDonec.ca,Ap #528-7068 Dui Road
Kyla,Rice,nulla@sodaleselit.org,6474 Dui. Road
Jaden,Sanford,Duis@purus.edu,637-3230 Dolor Ave
Miranda,Wilkins,in.faucibus.orci@semper.ca,Ap #631-6090 Sit Rd.
Barrett,Holder,vel.est.tempor@scelerisqueloremipsum.net,"P.O. Box 337, 4092 Lorem Avenue"
Hoyt,Mayo,gravida@metusVivamus.com,2066 Neque St.
TaShya,Clements,aliquet@Fusce.edu,942-1362 Donec Street
Carter,Jefferson,a@mollis.org,Ap #980-4672 Gravida Road
Isadora,Harper,tincidunt.aliquam.arcu@et.net,"P.O. Box 845, 7675 Non, Av."
Drew,Reilly,sit.amet@metus.com,"P.O. Box 181, 258 Imperdiet St."
Christen,Salazar,blandit.enim@fringilla.edu,521-7248 Proin St.
Thaddeus,Singleton,malesuada@tellusfaucibus.net,"P.O. Box 237, 4005 Elementum Rd."
Katell,Singleton,eu@faucibusMorbivehicula.ca,9720 Eu Avenue
Laurel,Bell,odio@dignissimpharetra.org,"P.O. Box 456, 1023 Lorem St."
Griffith,Wilkinson,Cum.sociis.natoque@Cras.com,Ap #720-5402 Molestie Rd.
Margaret,Nichols,dictum@odiovel.co.uk,"8307 Enim, Avenue"
Graiden,Oneal,ante.ipsum@ipsumsodalespurus.com,"P.O. Box 906, 8407 Mauris Avenue"
Rachel,Valdez,orci@vel.co.uk,Ap #409-2289 Justo Rd.
Ciaran,Aguilar,egestas.a.scelerisque@justonec.net,"P.O. Box 146, 3068 Ullamcorper. Av."
Aphrodite,Mcmahon,Praesent.eu@nequeseddictum.co.uk,"649-1466 Montes, Ave"
Raya,Fields,venenatis.a@euismod.net,Ap #480-548 Eget Rd.
Martha,Casey,pede.et@ridiculusmusAenean.com,939 Pellentesque Street
Shoshana,Howe,purus@tellussem.ca,905-1540 Cursus Av.
Mona,Brady,Curabitur.egestas.nunc@facilisisfacilisismagna.com,Ap #140-7497 Integer St.
Erin,Hatfield,sed.sapien@velitPellentesque.com,7272 Non Avenue
Aretha,Stone,vel@ipsumprimisin.net,"9866 Lorem, Rd."
Galena,Ortega,tempor.bibendum.Donec@utcursus.ca,5271 Luctus St.
Irene,Miranda,non@turpisAliquam.org,5487 Sodales Road
Ian,Flowers,egestas.Duis@eu.ca,"Ap #955-1259 Id, Rd."
Charity,Obrien,euismod.enim@FuscemollisDuis.com,7992 Malesuada Road
Gray,Hull,mattis.Integer.eu@tellus.ca,963-8599 Urna. St.
Demetrius,Murray,dolor@leoVivamus.edu,8959 Magna. Rd.
Ignatius,Pate,mauris@risus.org,"747-4541 Vestibulum, Rd."
Timon,Livingston,sed.turpis@magnaPraesent.org,"P.O. Box 665, 3451 Vulputate, Rd."
Renee,Soto,dolor@vitaealiquet.ca,Ap #254-7988 Donec Avenue
Alexandra,Francis,risus@risusvariusorci.com,"Ap #332-8796 Semper, Rd."
Elaine,Ryan,amet.diam@ornaresagittis.org,267-5552 Nibh. St.
Kasper,Jefferson,ipsum@facilisisnon.co.uk,Ap #163-7568 Curabitur Avenue
Brynne,Randolph,nec@blanditenim.org,745-7043 Lacus. Street
Nero,Franks,pede@egetmetus.edu,724-1604 In St.
Gavin,Downs,vitae@Duisac.ca,578-5377 Donec Av.
Yasir,Howell,penatibus@justositamet.net,112-7680 Scelerisque Rd.
Genevieve,Delgado,nec.ante@ridiculusmus.net,"Ap #438-550 Vitae, Av."
Alfreda,Meyer,nibh.Phasellus.nulla@non.edu,5350 Interdum St.
Melyssa,Benton,sit@egestaslaciniaSed.co.uk,8407 Nulla. St.
Zorita,Blevins,non@sedduiFusce.org,8883 Orci Rd.
Risa,Douglas,purus.gravida@montesnasceturridiculus.com,6700 Sit St.
Brendan,Mccullough,enim@nisiCumsociis.org,"P.O. Box 462, 7120 Nulla Av."
Darius,Malone,amet@dolorelit.org,668-3579 Aliquam Avenue
Lane,Mayo,tellus@nequeIn.ca,7192 Morbi Av.
Calista,Dyer,Maecenas@ataugueid.ca,176-2031 Turpis Ave
